Workbook

Sheet Mali
A1: =Sheet1!A1 -> Month | B1: =Sheet1!B1 -> Food CPI | C1: =Sheet1!C1 -> FAO Food Price Index | D1: =Sheet1!D1 -> FAO Meat | E1: =Sheet1!E1 -> FAO Dairy Index | F1: =Sheet1!F1 -> FAO Cereals Index | G1: =Sheet1!G1 -> FAO Oils Index | H1: =Sheet1!H1 -> FAO Sugar Index | ... AG1: =Sheet1!AG1 -> Crude oil, WTI ($/bbl)
A2: =Sheet1!A14 -> 36922 | B2: =Sheet1!B14 -> 3.02 | C2: =(Sheet1!C14-Sheet1!C2)/Sheet1!C2 -> 0.024621212 | D2: =(Sheet1!D14-Sheet1!D2)/Sheet1!D2 -> -0.037953795 | E2: =(Sheet1!E14-Sheet1!E2)/Sheet1!E2 -> 0.18924303 | F2: =(Sheet1!F14-Sheet1!F2)/Sheet1!F2 -> 0.034548944 | G2: =(Sheet1!G14-Sheet1!G2)/Sheet1!G2 -> -0.23281186 | H2: =(Sheet1!H14-Sheet1!H2)/Sheet1!H2 -> 0.84149856 | I2: =(Sheet1!I14-Sheet1!I2)/Sheet1!I2 -> -0.67751916 | J2: =(Sheet1!J14-Sheet1!J2)/Sheet1!J2 -> 0.20652881 | ... AG2: =(Sheet1!AG14-Sheet1!AG2)/Sheet1!AG2 -> 0.083608361
A3: =Sheet1!A15 -> 36950 | B3: =Sheet1!B15 -> 1.82 | C3: =(Sheet1!C15-Sheet1!C3)/Sheet1!C3 -> 0.04 | D3: =(Sheet1!D15-Sheet1!D3)/Sheet1!D3 -> 0.018062397 | E3: =(Sheet1!E15-Sheet1!E3)/Sheet1!E3 -> 0.18055556 | F3: =(Sheet1!F15-Sheet1!F3)/Sheet1!F3 -> 0.01532567 | G3: =(Sheet1!G15-Sheet1!G3)/Sheet1!G3 -> -0.22730214 | H3: =(Sheet1!H15-Sheet1!H3)/Sheet1!H3 -> 0.86850153 | I3: =(Sheet1!I15-Sheet1!I3)/Sheet1!I3 -> 1.2409106 | J3: =(Sheet1!J15-Sheet1!J3)/Sheet1!J3 -> 0.17952969 | ... AG3: =(Sheet1!AG15-Sheet1!AG3)/Sheet1!AG3 -> 0.0098186537
A4: =Sheet1!A16 -> 36981 | B4: =Sheet1!B16 -> 5.5 | C4: =(Sheet1!C16-Sheet1!C4)/Sheet1!C4 -> 0.04519774 | D4: =(Sheet1!D16-Sheet1!D4)/Sheet1!D4 -> 0.03343949 | E4: =(Sheet1!E16-Sheet1!E4)/Sheet1!E4 -> 0.19161677 | F4: =(Sheet1!F16-Sheet1!F4)/Sheet1!F4 -> 0.0096711799 | G4: =(Sheet1!G16-Sheet1!G4)/Sheet1!G4 -> -0.20117106 | H4: =(Sheet1!H16-Sheet1!H4)/Sheet1!H4 -> 0.80503145 | I4: =(Sheet1!I16-Sheet1!I4)/Sheet1!I4 -> -0.43892084 | J4: =(Sheet1!J16-Sheet1!J4)/Sheet1!J4 -> 0.064586515 | ... AG4: =(Sheet1!AG16-Sheet1!AG4)/Sheet1!AG4 -> -0.089617769
A5: =Sheet1!A17 -> 37011 | B5: =Sheet1!B17 -> 9.54 | C5: =(Sheet1!C17-Sheet1!C5)/Sheet1!C5 -> 0.024208566 | D5: =(Sheet1!D17-Sheet1!D5)/Sheet1!D5 -> 0.048154093 | E5: =(Sheet1!E17-Sheet1!E5)/Sheet1!E5 -> 0.18055556 | F5: =(Sheet1!F17-Sheet1!F5)/Sheet1!F5 -> -0.015444015 | G5: =(Sheet1!G17-Sheet1!G5)/Sheet1!G5 -> -0.23171717 | H5: =(Sheet1!H17-Sheet1!H5)/Sheet1!H5 -> 0.45040214 | I5: =(Sheet1!I17-Sheet1!I5)/Sheet1!I5 -> -0.088902015 | J5: =(Sheet1!J17-Sheet1!J5)/Sheet1!J5 -> -0.056925083 | ... AG5: =(Sheet1!AG17-Sheet1!AG5)/Sheet1!AG5 -> 0.061164861
A6: =Sheet1!A18 -> 37042 | B6: =Sheet1!B18 -> 9.08 | C6: =(Sheet1!C18-Sheet1!C6)/Sheet1!C6 -> 0.033333333 | D6: =(Sheet1!D18-Sheet1!D6)/Sheet1!D6 -> 0.036334913 | E6: =(Sheet1!E18-Sheet1!E6)/Sheet1!E6 -> 0.21807466 | F6: =(Sheet1!F18-Sheet1!F6)/Sheet1!F6 -> -0.020833333 | G6: =(Sheet1!G18-Sheet1!G6)/Sheet1!G6 -> -0.17801753 | H6: =(Sheet1!H18-Sheet1!H6)/Sheet1!H6 -> 0.38551402 | I6: =(Sheet1!I18-Sheet1!I6)/Sheet1!I6 -> 0.28359648 | J6: =(Sheet1!J18-Sheet1!J6)/Sheet1!J6 -> -0.083322833 | ... AG6: =(Sheet1!AG18-Sheet1!AG6)/Sheet1!AG6 -> -0.00763094
A7: =Sheet1!A19 -> 37072 | B7: =Sheet1!B19 -> 8.65 | C7: =(Sheet1!C19-Sheet1!C7)/Sheet1!C7 -> 0.018450185 | D7: =(Sheet1!D19-Sheet1!D7)/Sheet1!D7 -> 0.012698413 | E7: =(Sheet1!E19-Sheet1!E7)/Sheet1!E7 -> 0.1598513 | F7: =(Sheet1!F19-Sheet1!F7)/Sheet1!F7 -> -0.0077821012 | G7: =(Sheet1!G19-Sheet1!G7)/Sheet1!G7 -> -0.095038435 | H7: =(Sheet1!H19-Sheet1!H7)/Sheet1!H7 -> 0.081081081 | I7: =(Sheet1!I19-Sheet1!I7)/Sheet1!I7 -> 0.059193043 | J7: =(Sheet1!J19-Sheet1!J7)/Sheet1!J7 -> -0.071009015 | ... AG7: =(Sheet1!AG19-Sheet1!AG7)/Sheet1!AG7 -> -0.13498991
A8: =Sheet1!A20 -> 37103 | B8: =Sheet1!B20 -> 11.21 | C8: =(Sheet1!C20-Sheet1!C8)/Sheet1!C8 -> 0.045955882 | D8: =(Sheet1!D20-Sheet1!D8)/Sheet1!D8 -> 0.022328549 | E8: =(Sheet1!E20-Sheet1!E8)/Sheet1!E8 -> 0.13129496 | F8: =(Sheet1!F20-Sheet1!F8)/Sheet1!F8 -> 0.03815261 | G8: =(Sheet1!G20-Sheet1!G8)/Sheet1!G8 -> 0.11178814 | H8: =(Sheet1!H20-Sheet1!H8)/Sheet1!H8 -> -0.087248322 | I8: =(Sheet1!I20-Sheet1!I8)/Sheet1!I8 -> -0.20678236 | J8: =(Sheet1!J20-Sheet1!J8)/Sheet1!J8 -> -0.062984371 | ... AG8: =(Sheet1!AG20-Sheet1!AG8)/Sheet1!AG8 -> -0.11777448
A9: =Sheet1!A21 -> 37134 | B9: =Sheet1!B21 -> 10.9 | C9: =(Sheet1!C21-Sheet1!C9)/Sheet1!C9 -> 0.065420561 | D9: =(Sheet1!D21-Sheet1!D9)/Sheet1!D9 -> 0.067993367 | E9: =(Sheet1!E21-Sheet1!E9)/Sheet1!E9 -> 0.11607143 | F9: =(Sheet1!F21-Sheet1!F9)/Sheet1!F9 -> 0.061728395 | G9: =(Sheet1!G21-Sheet1!G9)/Sheet1!G9 -> 0.19952038 | H9: =(Sheet1!H21-Sheet1!H9)/Sheet1!H9 -> -0.22291022 | I9: =(Sheet1!I21-Sheet1!I9)/Sheet1!I9 -> -0.12519716 | J9: =(Sheet1!J21-Sheet1!J9)/Sheet1!J9 -> -0.021594464 | ... AG9: =(Sheet1!AG21-Sheet1!AG9)/Sheet1!AG9 -> -0.12338845
A10: =Sheet1!A22 -> 37164 | B10: =Sheet1!B22 -> 10.03 | C10: =(Sheet1!C22-Sheet1!C10)/Sheet1!C10 -> 0.054820416 | D10: =(Sheet1!D22-Sheet1!D10)/Sheet1!D10 -> 0.082491582 | E10: =(Sheet1!E22-Sheet1!E10)/Sheet1!E10 -> 0.081881533 | F10: =(Sheet1!F22-Sheet1!F10)/Sheet1!F10 -> 0.036437247 | G10: =(Sheet1!G22-Sheet1!G10)/Sheet1!G10 -> 0.18014037 | H10: =(Sheet1!H22-Sheet1!H10)/Sheet1!H10 -> -0.23832528 | I10: =(Sheet1!I22-Sheet1!I10)/Sheet1!I10 -> 0.12300529 | J10: =(Sheet1!J22-Sheet1!J10)/Sheet1!J10 -> -0.014488752 | ... AG10: =(Sheet1!AG22-Sheet1!AG10)/Sheet1!AG10 -> -0.22932775
A11: =Sheet1!A23 -> 37195 | B11: =Sheet1!B23 -> 10.86 | C11: =(Sheet1!C23-Sheet1!C11)/Sheet1!C11 -> 0.014897579 | D11: =(Sheet1!D23-Sheet1!D11)/Sheet1!D11 -> 0.048739496 | E11: =(Sheet1!E23-Sheet1!E11)/Sheet1!E11 -> 0.062605753 | F11: =(Sheet1!F23-Sheet1!F11)/Sheet1!F11 -> -0.00390625 | G11: =(Sheet1!G23-Sheet1!G11)/Sheet1!G11 -> 0.1902144 | H11: =(Sheet1!H23-Sheet1!H11)/Sheet1!H11 -> -0.36842105 | I11: =(Sheet1!I23-Sheet1!I11)/Sheet1!I11 -> -0.60832488 | J11: =(Sheet1!J23-Sheet1!J11)/Sheet1!J11 -> 0.0093031885 | ... AG11: =(Sheet1!AG23-Sheet1!AG11)/Sheet1!AG11 -> -0.32894392
A12: =Sheet1!A24 -> 37225 | B12: =Sheet1!B24 -> 9.54 | C12: =(Sheet1!C24-Sheet1!C12)/Sheet1!C12 -> 0.016605166 | D12: =(Sheet1!D24-Sheet1!D12)/Sheet1!D12 -> 0.0033112583 | E12: =(Sheet1!E24-Sheet1!E12)/Sheet1!E12 -> 0.016778523 | F12: =(Sheet1!F24-Sheet1!F12)/Sheet1!F12 -> -0.0038387716 | G12: =(Sheet1!G24-Sheet1!G12)/Sheet1!G12 -> 0.28139103 | H12: =(Sheet1!H24-Sheet1!H12)/Sheet1!H12 -> -0.22764228 | I12: =(Sheet1!I24-Sheet1!I12)/Sheet1!I12 -> 0.12646335 | J12: =(Sheet1!J24-Sheet1!J12)/Sheet1!J12 -> -0.013019581 | ... AG12: =(Sheet1!AG24-Sheet1!AG12)/Sheet1!AG12 -> -0.42999302
A13: =Sheet1!A25 -> 37256 | B13: =Sheet1!B25 -> 9.45 | C13: =(Sheet1!C25-Sheet1!C13)/Sheet1!C13 -> -0.003649635 | D13: =(Sheet1!D25-Sheet1!D13)/Sheet1!D13 -> -0.01986755 | E13: =(Sheet1!E25-Sheet1!E13)/Sheet1!E13 -> -0.053244592 | F13: =(Sheet1!F25-Sheet1!F13)/Sheet1!F13 -> -0.031657356 | G13: =(Sheet1!G25-Sheet1!G13)/Sheet1!G13 -> 0.32695333 | H13: =(Sheet1!H25-Sheet1!H13)/Sheet1!H13 -> -0.21774194 | I13: =(Sheet1!I25-Sheet1!I13)/Sheet1!I13 -> -0.29559381 | J13: =(Sheet1!J25-Sheet1!J13)/Sheet1!J13 -> -0.043592509 | ... AG13: =(Sheet1!AG25-Sheet1!AG13)/Sheet1!AG13 -> -0.32003762
... A305: =Sheet1!A317 -> 46142 | B305: =Sheet1!B317 -> 7.2481323 | C305: =(Sheet1!C317-Sheet1!C305)/Sheet1!C305 -> 0.013416317 | D305: =(Sheet1!D317-Sheet1!D305)/Sheet1!D305 -> 0.047004814 | E305: =(Sheet1!E317-Sheet1!E305)/Sheet1!E305 -> 0.019499292 | F305: =(Sheet1!F317-Sheet1!F305)/Sheet1!F305 -> -0.039533105 | G305: =(Sheet1!G317-Sheet1!G305)/Sheet1!G305 -> 0.048530083 | H305: =(Sheet1!H317-Sheet1!H305)/Sheet1!H305 -> -0.081025542 | I305: =(Sheet1!I317-Sheet1!I305)/Sheet1!I305 -> -0.23918661 | J305: =(Sheet1!J317-Sheet1!J305)/Sheet1!J305 -> 0.0026782325 | ... AG305: =(Sheet1!AG317-Sheet1!AG305)/Sheet1!AG305 -> 0.0078363368

Sheet Sheet1
A1: Month | B1: Food CPI | C1: FAO Food Price Index | D1: FAO Meat | E1: FAO Dairy Index | F1: FAO Cereals Index | G1: FAO Oils Index | H1: FAO Sugar Index | I1: UCSB CHIRPS Rainfall: avg | J1: Groundnut oil ** ($/mt) | K1: Palm oil ($/mt) | L1: Palm kernel oil ($/mt) | M1: Soybean oil ($/mt) | N1: Sunflower oil ($/mt) | O1: Maize ($/mt) | P1: Sorghum ($/mt) | Q1: Rice, Thai 5% ($/mt) | R1: Rice, Thai 25% ($/mt) | S1: Rice, Thai A.1 ($/mt) | T1: Rice, Viet Namese 5% ($/mt) | U1: Wheat, US SRW ($/mt) | V1: Wheat, US HRW ($/mt) | W1: Beef ** ($/kg) | X1: Chicken ** ($/kg) | Y1: Lamb ** ($/kg) | Z1: Sugar, EU ($/kg) | AA1: Sugar, world ($/kg) | AB1: EUR/USD | AC1: Subsidy_Index | AD1: TradeRestriction_Index | AE1: Crude oil, average ($/bbl) | AF1: Crude oil, Brent ($/bbl) | AG1: Crude oil, WTI ($/bbl)
A2: 36555 | B2: -4.24 | C2: 52.8 | D2: 60.6 | E2: 50.2 | F2: 52.1 | G2: 48.58 | H2: 34.7 | I2: 0.072852759 | J2: 676.08 | K2: 348 | L2: 628 | M2: 369.79 | N2: 596.95552 | O2: 93.29 | P2: 89.34 | Q2: 241.4 | R2: 201.6 | S2: 158.2 | T2: 201.05604 | U2: 98.56 | V2: 105.83 | W2: 1.949325 | X2: 1.2837502 | Y2: 2.7269 | Z2: 0.6001 | AA2: 0.1241 | AB2: 1.0136952 | AC2: 0.22256442 | AD2: 1 | AE2: 25.31 | AF2: 25.38 | AG2: 27.27
A3: 36585 | B3: -3.98 | C3: 52.5 | D3: 60.9 | E3: 50.4 | F3: 52.2 | G3: 46.37 | H3: 32.7 | I3: 0.039143261 | J3: 687.63 | K3: 332 | L3: 580 | M3: 357.94 | N3: 596.95552 | O3: 95.15 | P3: 89.89 | Q3: 241 | R3: 199 | S3: 156.66667 | T3: 201.05604 | U3: 100.06 | V3: 107.93 | W3: 1.9616709 | X3: 1.2705225 | Y3: 2.6978 | Z3: 0.5851 | AA3: 0.1173 | AB3: 0.98342381 | AC3: 0.22256442 | AD3: 1 | AE3: 27.220967 | AF3: 27.7048 | AG3: 29.281
A4: 36616 | B4: -5.11 | C4: 53.1 | D4: 62.8 | E4: 50.1 | F4: 51.7 | G4: 47.82 | H4: 31.8 | I4: 0.92800944 | J4: 733.28 | K4: 349 | L4: 556 | M4: 363.49 | N4: 596.95552 | O4: 95.05 | P4: 91.73 | Q4: 225.75 | R4: 187.5 | S4: 151.5 | T4: 201.05604 | U4: 97.19 | V4: 105.7 | W4: 1.9837171 | X4: 1.2621449 | Y4: 2.6998 | Z4: 0.5778 | AA4: 0.1127 | AB4: 0.96434348 | AC4: 0.22256442 | AD4: 1 | AE4: 27.49 | AF4: 27.47 | AG4: 29.92
A5: 36646 | B5: -5.85 | C5: 53.7 | D5: 62.3 | E5: 50.4 | F5: 51.8 | G5: 49.5 | H5: 37.3 | I5: 2.0458938 | J5: 789.81 | K5: 372 | L5: 557 | M5: 366.24 | N5: 596.95552 | O5: 95.2 | P5: 90.58 | Q5: 214.75 | R5: 179.75 | S5: 148 | T5: 201.05604 | U5: 95.19 | V5: 105.11 | W5: 1.9771032 | X5: 1.2621449 | Y5: 2.7043 | Z5: 0.5794 | AA5: 0.1325 | AB5: 0.94695 | AC5: 0.22256442 | AD5: 1 | AE5: 23.47 | AF5: 22.54 | AG5: 25.84
A6: 36677 | B6: -6.97 | C6: 54 | D6: 63.3 | E6: 50.9 | F6: 52.8 | G6: 44.49 | H6: 42.8 | I6: 3.4441373 | J6: 793.66 | K6: 324 | L6: 483 | M6: 337.97 | N6: 596.95552 | O6: 96.35 | P6: 95.02 | Q6: 198.6 | R6: 168.8 | S6: 143.6 | T6: 201.05604 | U6: 104.28 | V6: 112.14 | W6: 1.9861422 | X6: 1.2733885 | Y6: 2.5645 | Z6: 0.5547 | AA6: 0.1526 | AB6: 0.90596818 | AC6: 0.22256442 | AD6: 1 | AE6: 27.186667 | AF6: 27.34 | AG6: 28.83
A7: 36707 | B7: -7.62 | C7: 54.2 | D7: 63 | E7: 53.8 | F7: 51.4 | G7: 42.93 | H7: 51.8 | I7: 4.9277507 | J7: 783.14 | K7: 315 | L7: 436 | M7: 330.17 | N7: 596.95552 | O7: 84.33 | P7: 79.76 | Q7: 196 | R7: 166.75 | S7: 139.5 | T7: 201.05604 | U7: 99.28 | V7: 113.51 | W7: 1.9325699 | X7: 1.3033713 | Y7: 2.5728 | Z7: 0.5514 | AA7: 0.1845 | AB7: 0.94917727 | AC7: 0.22256442 | AD7: 1 | AE7: 29.620767 | AF7: 29.6773 | AG7: 31.8609
A8: 36738 | B8: -9.54 | C8: 54.4 | D8: 62.7 | E8: 55.6 | F8: 49.8 | G8: 42.67 | H8: 59.6 | I8: 6.2368865 | J8: 771.62 | K8: 312 | L8: 401 | M8: 339.3 | N8: 596.95552 | O8: 75.27 | P8: 73.72 | Q8: 189 | R8: 165.6 | S8: 142.8 | T8: 201.05604 | U8: 91.17 | V8: 108.98 | W8: 1.8999415 | X8: 1.3174809 | Y8: 2.5765 | Z8: 0.5515 | AA8: 0.2125 | AB8: 0.93965714 | AC8: 0.22256442 | AD8: 1 | AE8: 28.176667 | AF8: 28.53 | AG8: 29.9729
A9: 36769 | B9: -6.58 | C9: 53.5 | D9: 60.3 | E9: 56 | F9: 48.6 | G9: 41.7 | H9: 64.6 | I9: 7.2481232 | J9: 754.36 | K9: 306 | L9: 366 | M9: 328.92 | N9: 596.95552 | O9: 75.58 | P9: 76.81 | Q9: 186.5 | R9: 164.25 | S9: 143.75 | T9: 201.05604 | U9: 90.87 | V9: 108.36 | W9: 1.8858319 | X9: 1.3265199 | Y9: 2.5808 | Z9: 0.5507 | AA9: 0.2302 | AB9: 0.90405652 | AC9: 0.22256442 | AD9: 1 | AE9: 29.2629 | AF9: 29.43 | AG9: 31.3083
A10: 36799 | B10: -4.49 | C10: 52.9 | D10: 59.4 | E10: 57.4 | F10: 49.4 | G10: 38.47 | H10: 62.1 | I10: 6.0507294 | J10: 760.59 | K10: 288 | L10: 326 | M10: 312.49 | N10: 596.95552 | O10: 80.43 | P10: 82.7 | Q10: 179 | R10: 161 | S10: 143.66667 | T10: 201.05604 | U10: 97.88 | V10: 117.49 | W10: 1.8117567 | X10: 1.3602505 | Y10: 2.4817 | Z10: 0.5245 | AA10: 0.2211 | AB10: 0.87211429 | AC10: 0.22256442 | AD10: 1 | AE10: 32.082833 | AF10: 32.621 | AG10: 33.886
A11: 36830 | B11: -3.18 | C11: 53.7 | D11: 59.5 | E11: 59.1 | F11: 51.2 | G11: 36.38 | H11: 66.5 | I11: 2.7337544 | J11: 754.58 | K11: 255 | L11: 318 | M11: 314.02 | N11: 596.95552 | O11: 85.03 | P11: 89.92 | Q11: 187.5 | R11: 163.25 | S11: 136.75 | T11: 201.05604 | U11: 104.33 | V11: 128.18 | W11: 1.8199138 | X11: 1.3565027 | Y11: 2.5352 | Z11: 0.5307 | AA11: 0.237 | AB11: 0.85515909 | AC11: 0.22256442 | AD11: 1 | AE11: 31.400167 | AF11: 30.9323 | AG11: 33.0459
A12: 36860 | B12: -0.9 | C12: 54.2 | D12: 60.4 | E12: 59.6 | F12: 52.1 | G12: 37.67 | H12: 61.5 | I12: 0.12423653 | J12: 769.61 | K12: 257 | L12: 354 | M12: 316.78 | N12: 596.95552 | O12: 89.17 | P12: 96.12 | Q12: 185 | R12: 158 | S12: 127.75 | T12: 201.05604 | U12: 103.21 | V12: 127.73 | W12: 1.9676233 | X12: 1.3558413 | Y12: 2.5921 | Z12: 0.5213 | AA12: 0.2189 | AB12: 0.85638636 | AC12: 0.22256442 | AD12: 1 | AE12: 32.331 | AF12: 32.524091 | AG12: 34.368
A13: 36891 | B13: 0.88 | C13: 54.8 | D13: 60.4 | E13: 60.1 | F13: 53.7 | G13: 38.14 | H13: 62 | I13: 0.068232778 | J13: 806.79 | K13: 265 | L13: 317 | M13: 320.57 | N13: 596.95552 | O13: 97.56 | P13: 100.45 | Q13: 184.25 | R13: 158.25 | S13: 129.5 | T13: 201.05604 | U13: 104.95 | V13: 128.09 | W13: 1.9301448 | X13: 1.3558413 | Y13: 2.6893 | Z13: 0.53469751 | AA13: 0.2209 | AB13: 0.89731579 | AC13: 0.22256442 | AD13: 1 | AE13: 25.204667 | AF13: 25.1255 | AG13: 28.4025
... A317: 46142 | B317: 7.2481323 | C317: 129.91997 | D317: 127.31579 | E317: 154.65804 | F317: 106.51578 | G317: 165.66775 | H317: 103.20083 | I317: 2.1052124 | J317: 1685.1463 | K317: 1181.9696 | L317: 2078.028 | M317: 1060.9503 | N317: 950.93 | O317: 202.428 | P317: 189.34543 | Q317: 525.63043 | R317: 499.06583 | S317: 500.48334 | T317: 406.45 | U317: 230.09224 | V317: 252.00265 | W317: 6.2230009 | X317: 1.4353682 | Y317: 5.8496821 | Z317: 0.34251235 | AA317: 0.43395246 | AB317: 1.1685291 | AC317: 0.22256442 | AD317: 1 | AE317: 72.235829 | AF317: 73.774681 | AG317: 69.708838
